id,date,subreddit,title,url,upvotes,comments,matched_keywords,keyword_count,score,body_snippet
1tews2f,2026-05-16,LocalLLaMA,Local speech to text for iOS using Apple Watch,https://reddit.com/r/LocalLLaMA/comments/1tews2f/local_speech_to_text_for_ios_using_apple_watch/,1,0,memory,1,1,"Instead of getting my phone out for everything, I wanted to see if I can record using an Apple watch and transcribe it on the phone. The Parakeet and Whisper models work quite well on iOS. So the loca..."
1tewitj,2026-05-16,LocalLLaMA,Extension idea: llama-server with custom samplers,https://reddit.com/r/LocalLLaMA/comments/1tewitj/extension_idea_llamaserver_with_custom_samplers/,2,0,stuck | tool call,2,1,Just an idea and a prototype (made by Qwen3.6-27B-UD-Q6\_K\_XL via OpenCode) for allowing users to add custom sampling logic to llama-server without having to maintain their own entire fork and withou...
1teqjjl,2026-05-16,LocalLLaMA,Reduce your GPU power limit,https://reddit.com/r/LocalLLaMA/comments/1teqjjl/reduce_your_gpu_power_limit/,18,3,memory,1,1,"I'd like to note, I'm effectively a layman at this and have no idea what I'm talking about.  Inspired by another post, I wanted to do some testing on power limit adjustments impact on token processing..."
1tegkbd,2026-05-16,LocalLLaMA,Help me upgrade for 3k,https://reddit.com/r/LocalLLaMA/comments/1tegkbd/help_me_upgrade_for_3k/,0,27,stuck | eval,2,2,"My current system:  Intel core i7-11700KF  48 GB RAM  ASROCK Z590-C/AC mobo  RTX 3090 24GB (undervolted to 250W) + RTX 3070 8 GB, and a third unused (because it doesn’t fit in the case) RTX 2060 6GB (..."
1tee5ms,2026-05-16,LocalLLaMA,"Can a 5090 with qwen3.6 achieve  &gt; 3,000 tok/s ? bring your pitchforks (open-dllm)",https://reddit.com/r/LocalLLaMA/comments/1tee5ms/can_a_5090_with_qwen36_achieve_3000_toks_bring/,38,17,eval,1,1,"so background - these people. Fred Zhangzhi Peng, Shuibai Zhang, Alex Tong, worked on converting AR -&gt; diffusion (its already working from older models).  this has a smaller qwen 2.5 working -&gt; ..."
1te93s3,2026-05-15,LocalLLaMA,"RAG on Snapdragon X2 Laptop, 200K documents.",https://reddit.com/r/LocalLLaMA/comments/1te93s3/rag_on_snapdragon_x2_laptop_200k_documents/,19,9,eval | embedding | memory | deployment,4,2,"Qualcomm recently released the new 𝐒𝐧𝐚𝐩𝐝𝐫𝐚𝐠𝐨𝐧 𝐗2 𝐥𝐚𝐩𝐭𝐨𝐩 𝐜𝐡𝐢𝐩𝐬𝐞𝐭. I immediately ordered one: ASUS Zenbook A16 16"" 3K OLED Touchscreen Laptop — Snapdragon X2 Elite Extreme (2026)      A few things I rea..."
1te6os6,2026-05-15,LocalLLaMA,Gemma4 26b MoE running in MLX with turboquant (and custom kernel),https://reddit.com/r/LocalLLaMA/comments/1te6os6/gemma4_26b_moe_running_in_mlx_with_turboquant_and/,14,1,memory,1,1,"TL;DR I spent a few crazy evenings this past week seeing if I could get Gemma4 running with proper turbo quant and rotating KV cache support. The answer was yes, and I'm now able to run Gemma4 26b on ..."
1te63zw,2026-05-15,LocalLLaMA,I need HELP with a document classification task,https://reddit.com/r/LocalLLaMA/comments/1te63zw/i_need_help_with_a_document_classification_task/,0,10,eval | embedding,2,2,"Hey everyone, my company's tasked me with building a document classification system, insurance documents specifically. someone dumps a batch of documents, and the system needs to classify and label ea..."
1te5xpu,2026-05-15,LocalLLaMA,"Orthrus-Qwen3-8B : up to  7.8×tokens/forward on Qwen3-8B, frozen backbone, provably identical output distribution",https://reddit.com/r/LocalLLaMA/comments/1te5xpu/orthrusqwen38b_up_to_78tokensforward_on_qwen38b/,260,72,hallucination | evaluation | eval,3,3,* Code: [https://github.com/chiennv2000/orthrus](https://github.com/chiennv2000/orthrus) * Paper: [https://arxiv.org/abs/2605.12825](https://arxiv.org/abs/2605.12825) * HF: [https://huggingface.co/chi...
1te3ehy,2026-05-15,LocalLLaMA,Tried GitHub's spec-kit with Claude Code for 2 months — notes on what works and what doesn't,https://reddit.com/r/LocalLLaMA/comments/1te3ehy/tried_githubs_speckit_with_claude_code_for_2/,2,2,manually,1,1,"Been experimenting with Spec-Driven Development for a couple of months now, specifically GitHub's spec-kit toolkit with Claude Code as the agent. Wanted to share notes because I think this sub will ha..."
1te31mz,2026-05-15,LocalLLaMA,Tokenizers vs. MTP,https://reddit.com/r/LocalLLaMA/comments/1te31mz/tokenizers_vs_mtp/,2,3,does not work,1,1,"I've read several posts about how MTP works very well with coding but worse with general prose, like these:  [https://www.reddit.com/r/LocalLLaMA/comments/1t9gcar/mtp\_benchmark\_results\_the\_nature\..."
1te2jko,2026-05-15,LocalLLaMA,"I built a self-hosted open-source MCP server that gives any local LLM real financial data — SEC filings, 13F, insider &amp; congressional trades, short data, FRED",https://reddit.com/r/LocalLLaMA/comments/1te2jko/i_built_a_selfhosted_opensource_mcp_server_that/,124,26,agent loop,1,2,"One thing missing when running local models as agents: real, current data. So I built Equibles — a self-hosted MCP server that scrapes and serves public U.S. financial data and exposes it as MCP tools..."
1te1yxy,2026-05-15,LocalLLaMA,Adding E4B audio encoder to larger models,https://reddit.com/r/LocalLLaMA/comments/1te1yxy/adding_e4b_audio_encoder_to_larger_models/,5,5,latency,1,1,"I am curious if anyone here has tried doing this, I did a bit of digging and it seems like it would be easier to do then I first thought and would like to ask ask for correction if my assumptions are ..."
1te10qy,2026-05-15,LocalLLaMA,how would you set up a local llm server for a business of 7 people?,https://reddit.com/r/LocalLLaMA/comments/1te10qy/how_would_you_set_up_a_local_llm_server_for_a/,17,51,memory,1,2,Okay so i've been stalking this sub for some time and i run the occasional small 2-8b model on my laptop (not the best) for fun  but say my role at a company is to set up a local LLM since we obviousl...
1tdzrdl,2026-05-15,LocalLLaMA,I built an OSS CLI to catch regressions when migrating between LLMs,https://reddit.com/r/LocalLLaMA/comments/1tdzrdl/i_built_an_oss_cli_to_catch_regressions_when/,0,1,evaluation | eval | embedding | tool call | observability,5,2,"I’ve been working on EvalShift, an open-source Python CLI for testing whether moving from one LLM/model version to another introduces regressions.      The use case is simple:      You have prompts, a..."
1tdzjet,2026-05-15,LocalLLaMA,What's the best setup to link Obsidian with a local LLM?,https://reddit.com/r/LocalLLaMA/comments/1tdzjet/whats_the_best_setup_to_link_obsidian_with_a/,4,13,hallucination,1,1,**My specs:**  * MacBook Air M2 * 24 GB RAM  I’m looking for the best way to connect all my Obsidian notes to a local LLM. I need a high-quality model—nothing prone to hallucinations.  My goal is a si...
1tdyf75,2026-05-15,LocalLLaMA,Are the rich RAM /poor GPU people wrong here?,https://reddit.com/r/LocalLLaMA/comments/1tdyf75/are_the_rich_ram_poor_gpu_people_wrong_here/,57,72,tool call,1,2,"Hello Guys,   I know everyone has his definition of local models, but for me i see 2 ""reasonable"" type of frontier local models.      a dense one that barely fit in a 32GB ou 24GB of gpu for the most ..."
1tdwo1f,2026-05-15,LocalLLaMA,GitHub - pwilkin/openmoss: OpenMOSS pure C++ pipeline based on GGML,https://reddit.com/r/LocalLLaMA/comments/1tdwo1f/github_pwilkinopenmoss_openmoss_pure_c_pipeline/,32,8,annoying,1,1,I'm uploading a full GGML-based pipeline for OpenMOSS (https://huggingface.co/OpenMOSS-Team/MOSS-TTS) that I've vibe-coded for myself in case someone else finds it useful.  TTS models are notoriously ...
1tdvqpw,2026-05-15,LocalLLaMA,Gemma 4 + LiteRT-LM on mobile: much better memory/perf than my llama.cpp setup,https://reddit.com/r/LocalLLaMA/comments/1tdvqpw/gemma_4_litertlm_on_mobile_much_better_memoryperf/,9,16,memory | latency,2,2,Hi r/LocalLLaMA \- I've been paying close attention to the edge AI ecosystem because it's an area where i see huge potential and where I truly believe AI will become more useful for day to day tasks. ...
1tdusvx,2026-05-15,LocalLLaMA,Evaluated a RAG chatbot and the most expensive model was the worst performer. Notes on what actually moved the needle.,https://reddit.com/r/LocalLLaMA/comments/1tdusvx/evaluated_a_rag_chatbot_and_the_most_expensive/,22,27,manually | hallucinating | context window | evaluation | eval | embedding,6,2,"We had a customer support RAG bot. Standard setup: ChromaDB, system prompt, an LLM doing generation. Nobody had actually measured the response quality.  In the name of evaluation, I only had a keyword..."
1tdty58,2026-05-15,LocalLLaMA,2 old RTX 2080 Ti with 22GB vram each Qwen3.6 27B at 38 token/s with f16 kv cache,https://reddit.com/r/LocalLLaMA/comments/1tdty58/2_old_rtx_2080_ti_with_22gb_vram_each_qwen36_27b/,25,26,manually,1,1,"PLEASE KEEP IN MIND BOTH OF MY CARDS ARE POWER LIMITED TO 150W (i hate noise)   \-------  Just wanted to share my current setup, that might help some users out there...      services:       llama-serv..."
1tdsl5t,2026-05-15,LocalLLaMA,Important (vision) Qwen3.5 template fix dropped in vllm,https://reddit.com/r/LocalLLaMA/comments/1tdsl5t/important_vision_qwen35_template_fix_dropped_in/,8,2,annoying,1,1,Sharing this because I personally had some annoying issues and I can confirm this un-fucked them. Basically once you posted an image in the conversation the model went haywire. Not too badly but annoy...
1tdq8uy,2026-05-15,LocalLLaMA,"I kept a running list of every LLM term that actually matters for production, cleaned it up and open sourced it",https://reddit.com/r/LocalLLaMA/comments/1tdq8uy/i_kept_a_running_list_of_every_llm_term_that/,6,0,eval,1,1,"Been building with LLMs for a while and kept hitting terms where the standard definition was useless for making engineering decisions.   So I kept a personal doc, eventually it hit 30+ terms across in..."
1tdns1i,2026-05-15,LocalLLaMA,Used over a million tokens in three separate sessions to test Qwen 3.6 35b (new Multi-token Prediction version),https://reddit.com/r/LocalLLaMA/comments/1tdns1i/used_over_a_million_tokens_in_three_separate/,117,71,context window,1,2,"In my opinion, MTP models are 100% game changer for local LLMs.  In terms of speed, I was getting around 1.5x the tok/sec of previous tests but only with the dense full 27b Qwen 3.6 model.  The MoE 35..."
1tdlsv1,2026-05-15,LocalLLaMA,Reliable Open Source LLM as a Service,https://reddit.com/r/LocalLLaMA/comments/1tdlsv1/reliable_open_source_llm_as_a_service/,3,9,latency,1,1,"Has anyone figured out a provider whose open source models (Kimi, Qwen, GLM e.t.c) can be used reliably in production.   I have tested some well known providers and they all suffer from high latency a..."
1tde3m1,2026-05-14,LocalLLaMA,I Let a Small Model Train on Its Own Mistakes. It Reached 80% on HumanEval and Beat GPT-3.5 on Math,https://reddit.com/r/LocalLLaMA/comments/1tde3m1/i_let_a_small_model_train_on_its_own_mistakes_it/,233,52,stuck | impossible | broken | doesn't work | eval | fine-tuning,6,3,"A few months ago, I got stuck on one line in the DeepSeek-R1 paper. It said models could improve through verifiable rewards.  That sounded almost magical to me. Not because it was impossible, but beca..."
1tdb6jj,2026-05-14,LocalLLaMA,Advice building a NAS/AI server with 16 DDR4 DIMMs,https://reddit.com/r/LocalLLaMA/comments/1tdb6jj/advice_building_a_nasai_server_with_16_ddr4_dimms/,3,29,memory,1,1,"I have a large amount of surplused parts (notably 2x Xeon Gold 6136 CPUs, 24x64gb DDR4 LRDIMMs) that I'm trying to save money by reusing.  The memory is obviously far more of a potential cost savings ..."
1tdb4ic,2026-05-14,LocalLLaMA,A First Comprehensive Study of TurboQuant: Accuracy and Performance,https://reddit.com/r/LocalLLaMA/comments/1tdb4ic/a_first_comprehensive_study_of_turboquant/,218,46,memory | latency | deployment,3,3,"TL;DR from the article:  - FP8 via --kv-cache-dtype fp8 remains the best default for KV-cache quantization: it provides 2x KV-cache capacity with negligible accuracy loss, while matching BF16 on most ..."
1td9stc,2026-05-14,LocalLLaMA,llama.cpp constantly reprocessing huge prompts with opencode/pi.dev,https://reddit.com/r/LocalLLaMA/comments/1td9stc/llamacpp_constantly_reprocessing_huge_prompts/,19,63,eval,1,2,I’m using llama-swap with llama.cpp. I mainly use opencode + [pi.dev](http://pi.dev) and I’m seeing frequent massive prompt reprocessing / prefills even tho the prompts are very similar between reques...
1td938k,2026-05-14,LocalLLaMA,About to start fine-tuning on RunPod. What should I know to not waste money?,https://reddit.com/r/LocalLLaMA/comments/1td938k/about_to_start_finetuning_on_runpod_what_should_i/,2,14,stuck | no way to | fine-tuning,3,2,I was MLOps lead at an AI company managing 5000+ GPUs across GCP and CoreWeave. Left to start my own thing and now I'm back to renting GPUs like everyone else. The experience is rough.  Tried GCP firs...
1td8vfh,2026-05-14,LocalLLaMA,Developing open source LLM from ground up from pretrain - rlhf(PPO/GRPO),https://reddit.com/r/LocalLLaMA/comments/1td8vfh/developing_open_source_llm_from_ground_up_from/,10,21,eval | embedding | memory,3,2,Hello I have been working on creating a LLM from ground up. It is based on deepseek architecture with heavily VRAM footprint reduced optimized(GUM+muon)  Currently this is the json schema I am using w...
1tejwbl,2026-05-16,MachineLearning,[R] Which LLMs are actually best for bleeding-edge Linux/ML debugging workflows in 2026? [R],https://reddit.com/r/MachineLearning/comments/1tejwbl/r_which_llms_are_actually_best_for_bleedingedge/,0,4,eval,1,1,"I’m trying to optimize an AI workflow for bleeding-edge Linux/ML debugging (Arch/CachyOS, CUDA, Python, unsloth, etc.).  Current stack:  \- Claude = deep reasoning/mastermind  \- Gemini 3.1 Pro = exec..."
1te7vkj,2026-05-15,MachineLearning,Struggling with Overfitting on Medical Imaging Task [D],https://reddit.com/r/MachineLearning/comments/1te7vkj/struggling_with_overfitting_on_medical_imaging/,0,4,stuck,1,1,"Hi everyone,  I’m working on a 2-class classification problem (LCA vs. RCA coronary arteries) using 2D X-ray angiograms. I’m currently stuck in a cycle of extreme overfitting and could use some advice..."
1te2x04,2026-05-15,MachineLearning,Orthrus: Memory-Efficient Parallel Token Generation via Dual-View Diffusion [R],https://reddit.com/r/MachineLearning/comments/1te2x04/orthrus_memoryefficient_parallel_token_generation/,10,1,hallucination | evaluation | eval | memory,4,2,* Paper: [https://arxiv.org/abs/2605.12825](https://arxiv.org/abs/2605.12825) * Code: [https://github.com/chiennv2000/orthrus](https://github.com/chiennv2000/orthrus) * Disclosure: co-author.  Idea: I...
1tcvk8s,2026-05-14,MachineLearning,Would a 2000-2021 ML paper even get accepted today? [D],https://reddit.com/r/MachineLearning/comments/1tcvk8s/would_a_20002021_ml_paper_even_get_accepted_today/,66,57,eval,1,2,"I keep hearing some version of this:   “A paper that got accepted years ago wouldn’t stand a chance today.”   Honestly, for a lot of ML subfields, this doesn’t sound crazy anymore.   A paper that once..."
1tc24to,2026-05-13,MachineLearning,Best examples of ML projects with good dataset/task code abstractions? [D],https://reddit.com/r/MachineLearning/comments/1tc24to/best_examples_of_ml_projects_with_good/,1,4,evaluation | eval,2,1,"I am working on a benchmark and need to manage several interlocking components: datasets and metadata, diverse ML tasks (varying inputs and outputs), and baseline experiments covering models, training..."
1tc1xr3,2026-05-13,MachineLearning,Human-level performance via ML was *not* proven impossible with complexity theory [D],https://reddit.com/r/MachineLearning/comments/1tc1xr3/humanlevel_performance_via_ml_was_not_proven/,143,51,impossible | broken,2,3,"Van Rooij, Guest, de Haan, Adolfi, Kolokolova, and Rich [claimed to have proven that AGI via ML is impossible](https://link.springer.com/article/10.1007/s42113-024-00217-5) in *Computational Brain &am..."
1tbt6wl,2026-05-13,MachineLearning,Sharing all KGC 2026 decks. More production-grade KG systems than I've seen at any conference. [D],https://reddit.com/r/MachineLearning/comments/1tbt6wl/sharing_all_kgc_2026_decks_more_productiongrade/,7,3,eval,1,1,"Didn't make it to New York for the Knowledge Graph Conference this year, but caught some talks virtually and managed to download all the decks. Sharing them below because some of what was shown is wor..."
1tb8k3n,2026-05-12,MachineLearning,Steam Recommender using similarity! (Undergraduate Student Project) [P],https://reddit.com/r/MachineLearning/comments/1tb8k3n/steam_recommender_using_similarity_undergraduate/,91,17,rate limit,1,2,(DISCLAIMER: I accidentally deleted the last post on this subreddit my apologies if this is your second time seeing it)  Last year I made a [post](https://www.reddit.com/r/datascience/comments/1lkjxmr...
1tb3fh5,2026-05-12,MachineLearning,TabPFN-3 just released: a pre-trained tabular foundation model for up to 1M rows [R][N],https://reddit.com/r/MachineLearning/comments/1tb3fh5/tabpfn3_just_released_a_pretrained_tabular/,60,18,evaluation | eval | deployment,3,2,"TabPFN-3 was released today, the next iteration of the tabular foundation model, originally published in Nature.  Quick recap for anyone new to TabPFN: TabPFN predicts on tabular data in a single forw..."
1tayaiw,2026-05-12,MachineLearning,Cache-testing software for LLM-provider-style tiered ephemeral caches? [D],https://reddit.com/r/MachineLearning/comments/1tayaiw/cachetesting_software_for_llmproviderstyle_tiered/,1,6,no way to | eval,2,1,"I'm looking for a cache simulator / benchmark suite suited to the kind of tiered ephemeral cache that LLM providers use — e.g. Anthropic's 4-tier prompt cache, where context sits across several tiers ..."
1ta9w3j,2026-05-11,MachineLearning,Where are small Models like Qwen3 0.6B and Qwen3.5 0.8B used ? Huggingface shows 2.88 million downloads this month.[D],https://reddit.com/r/MachineLearning/comments/1ta9w3j/where_are_small_models_like_qwen3_06b_and_qwen35/,38,32,broken,1,2,[](https://www.reddit.com/r/learnmachinelearning/?f=flair_name%3A%22Discussion%22)  I can see 2.88 million downloads per month for small Qwen3.5 model. I tried using earlier model 0.6B in a deep resar...
1t8f61o,2026-05-09,MachineLearning,LLM rankings are not a ladder: experimental results from a transitive benchmark graph [D],https://reddit.com/r/MachineLearning/comments/1t8f61o/llm_rankings_are_not_a_ladder_experimental/,1,4,evaluation | eval,2,1,https://preview.redd.it/668yjlucu80h1.png?width=2800&amp;format=png&amp;auto=webp&amp;s=ca541488abb5262b06cfc13a9586efb19f24d644    I built a small website called **LLM Win**:  [https://llm-win.com](h...
1t80awj,2026-05-09,MachineLearning,My experience interviewing with Huawei Vancouver for an ML research role: strong mismatch between how it was pitched and how it was evaluated [D],https://reddit.com/r/MachineLearning/comments/1t80awj/my_experience_interviewing_with_huawei_vancouver/,118,19,evaluation | eval,2,2,I want to share an interview experience anonymously in case it helps others on the job market.  I was approached about a Vancouver ML role that was presented to me as research-oriented. The recruiter ...
1t7yrvr,2026-05-09,MachineLearning,"DeepSeek V4 paper full version is out, FP4 QAT details and stability tricks [D]",https://reddit.com/r/MachineLearning/comments/1t7yrvr/deepseek_v4_paper_full_version_is_out_fp4_qat/,82,12,eval | memory,2,2,"DeepSeek dropped the full V4 paper this week. preview from april was 58 pages, this version adds a lot of technical depth.  What stood out for me.  FP4 quantization aware training. theyre running FP4 ..."
1t7knyd,2026-05-08,MachineLearning,Backcasting forecast errors: model collapsing to mean [P],https://reddit.com/r/MachineLearning/comments/1t7knyd/backcasting_forecast_errors_model_collapsing_to/,2,4,eval,1,1,"Hey everyone,  I am kind of desperate for help right now on my current project. I'll try and be as clear as possible.  I'm working on a time series backcasting problem. The values I want to backcast a..."
1t7avgp,2026-05-08,MachineLearning,Embedding models for time series data [D],https://reddit.com/r/MachineLearning/comments/1t7avgp/embedding_models_for_time_series_data_d/,8,9,embedding,1,1,Does anyone know any open source embedding models that work on time series data?   Ideally one that works on the frequency domain Fourier transforms so it can support variable length series
1t77snz,2026-05-08,MachineLearning,Desk-rejected position paper Neurips 2026 [D],https://reddit.com/r/MachineLearning/comments/1t77snz/deskrejected_position_paper_neurips_2026_d/,0,11,evaluation | eval,2,2,Anyone get  desk rejected email today? I got and it said   **Desk Reject Comments:** This submission violates the formatting rules and has been desk rejected.  I thought it was because my paper title ...
1t6oa4e,2026-05-07,MachineLearning,Quantization and Fast Inference (MEAP) - How much performance are you actually getting from quantization in production? [D],https://reddit.com/r/MachineLearning/comments/1t6oa4e/quantization_and_fast_inference_meap_how_much/,20,7,annoying | memory | latency | deployment,4,2,"Hi all,  Stjepan from Manning here. The mods said it's fine if I post this here.  I wanted to share a new MEAP (early access) release we think will land well with people here: *Quantization and Fast I..."
1t6iax2,2026-05-07,MachineLearning,"I trained a NER model on 33,000 Indian Supreme Court judgments (1950–2024) CASE_CITATION hits 97.76% F1, +17 points over the only prior baseline [P]",https://reddit.com/r/MachineLearning/comments/1t6iax2/i_trained_a_ner_model_on_33000_indian_supreme/,0,1,eval,1,1,"**TL;DR**: Released en\_legal\_ner\_ind\_trf v0.1 - InLegalBERT fine-tuned on \~34,700 silver-annotated chunks from 33k Indian SC judgments. 13 labels. 78.67% overall F1. CASE\_CITATION at 97.76% alre..."
1t69dvx,2026-05-07,MachineLearning,How much can a video generated by the same diffusion model differ across GPU architectures if the initial noise latent is fixed? [D],https://reddit.com/r/MachineLearning/comments/1t69dvx/how_much_can_a_video_generated_by_the_same/,4,5,no way to,1,1,"Hi! I am trying to sanity-check an assumption for diffusion video generation reproducibility.  Suppose I run the same video diffusion model on two different GPU architectures, with:  * identical model..."
1t5vy2i,2026-05-07,MachineLearning,Dataset of 150k+ stool images and not sure how to fully use it [D],https://reddit.com/r/MachineLearning/comments/1t5vy2i/dataset_of_150k_stool_images_and_not_sure_how_to/,17,25,manually,1,1,"I have a dataset of around 150k stool images; growing at 300+ images per day, and I’m trying to better understand the “right” way to use it for training a computer vision model.  Right now, our proces..."
1t5anla,2026-05-06,MachineLearning,Stop letting LLMs edit your .bib [D],https://reddit.com/r/MachineLearning/comments/1t5anla/stop_letting_llms_edit_your_bib_d/,187,34,hallucinating,1,2,"It’s shocking how frequently I notice hallucinated citations. For citations of my own papers, I’ve seen 5 in the past couple of months, where the the title is correct but the author list is wrong. Whe..."
1t4z3af,2026-05-06,MachineLearning,Transformers with Selective Access to Early Representations [R],https://reddit.com/r/MachineLearning/comments/1t4z3af/transformers_with_selective_access_to_early/,27,9,eval | memory,2,1,Hello everyone. I’m excited to share our new paper!  [Figure 1: Comparison Across Architectures](https://preview.redd.it/bfj0qllk9fzg1.png?width=2090&amp;format=png&amp;auto=webp&amp;s=7e56530fea0f46e...
1t4sjr7,2026-05-05,MachineLearning,Competition - League of Robot Runners 2026: Multi-robot coordination under uncertainty [N],https://reddit.com/r/MachineLearning/comments/1t4sjr7/competition_league_of_robot_runners_2026/,3,2,eval,1,1,Hello ML and RL community  We are inviting participants to the League of Robot Runners (LoRR) 2026: [https://www.leagueofrobotrunners.org](https://www.leagueofrobotrunners.org)  Co-located with AAMAS ...
1t4mzm3,2026-05-05,MachineLearning,Production AI very different from the demos [D],https://reddit.com/r/MachineLearning/comments/1t4mzm3/production_ai_very_different_from_the_demos_d/,15,28,no way to | manually | eval,3,2,Moved an AI feature into production a few months ago and the cost profile has been a constant surprise since so the demos and the early prototypes ran cheap because the volume was tiny + the prompts w...
1t4kvb2,2026-05-05,MachineLearning,"Charting the AI Perception Gap: Across 71 scenarios, AI experts (N=119) and the public (N=1100) have differing views on the risks, benefits, and value of AI. More importantly, AI experts discount the influence of risks stronger than the public does when forming their value judgments [R]",https://reddit.com/r/MachineLearning/comments/1t4kvb2/charting_the_ai_perception_gap_across_71/,5,1,evaluation | eval,2,1,"https://preview.redd.it/evw6ah88kczg1.png?width=1024&amp;format=png&amp;auto=webp&amp;s=be8bafe0099c362a187489f95cbfa5398f537107  Abstract: Artificial intelligence (AI) is reshaping society, raising q..."
1t4dkew,2026-05-05,MachineLearning,Struggling to reproduce paper results before improving them — stuck below reported accuracy [R],https://reddit.com/r/MachineLearning/comments/1t4dkew/struggling_to_reproduce_paper_results_before/,94,53,stuck | evaluation | eval,3,3,"I’m a PhD student working in AI/computer vision, and I’ve hit a frustrating wall with a project.  My supervisor asked me to improve the accuracy of a published paper. My first step has been to faithfu..."
1t45ggk,2026-05-05,MachineLearning,Fixing Unsupervised Hyperbolic Contrastive Loss [D],https://reddit.com/r/MachineLearning/comments/1t45ggk/fixing_unsupervised_hyperbolic_contrastive_loss_d/,0,3,embedding,1,1,"Hello all,  I am trying to implement Unsupervised Hyperbolic Contrastive Loss on the ImageNet-1k dataset. My results show that simple Euclidean unsupervised contrastive loss is much better than the hy..."
1t3xplr,2026-05-04,MachineLearning,Building a 9-ball AI player: Candidate generation for direct cut shots [P],https://reddit.com/r/MachineLearning/comments/1t3xplr/building_a_9ball_ai_player_candidate_generation/,18,8,evaluation | eval,2,1,"I'm building a 9-ball-player to help with pattern play.  There are many ways to make the next ball, and sometimes in more than one obvious pocket.  Which should should you choose depends on probabilit..."
1t3ogbw,2026-05-04,MachineLearning,[P] QLoRA Fine-Tuning of Qwen2.5-1.5B for CEFR English Proficiency Classification (A1–C2) [P],https://reddit.com/r/MachineLearning/comments/1t3ogbw/p_qlora_finetuning_of_qwen2515b_for_cefr_english/,2,6,evaluation | eval | fine-tuning | deployment,4,2,"I fine-tuned Qwen2.5-1.5B for multi-class CEFR English proficiency classification using QLoRA (4-bit NF4).  The goal was to classify English text into one of the 6 CEFR levels (A1 → C2), which can be ..."
1t3hks9,2026-05-04,MachineLearning,AutoBe benchmark: structured harness narrows frontier-vs-local gap in backend generation [D],https://reddit.com/r/MachineLearning/comments/1t3hks9/autobe_benchmark_structured_harness_narrows/,1,1,function calling | memory,2,1,"AutoBe is a benchmark for end-to-end backend generation. One natural language request produces six outputs: requirements analysis, ERD, OpenAPI spec, E2E tests, NestJS implementation, and a type-safe ..."
1tews5a,2026-05-16,SideProject,Update: shipped webhooks for my job-data API after watching users waste budget on empty polls,https://reddit.com/r/SideProject/comments/1tews5a/update_shipped_webhooks_for_my_jobdata_api_after/,1,0,latency,1,1,"Hey everyone,  A few months back I posted about Jobven, an API that pulls job postings directly from employer career pages. Since then I've been watching how the early users actually use it, and a pat..."
1tevnl8,2026-05-16,SideProject,I spent 5 years building a Smart Calendar for students to save hours each week,https://reddit.com/r/SideProject/comments/1tevnl8/i_spent_5_years_building_a_smart_calendar_for/,1,1,manually,1,1,"I was tired of how the main 2 Smart Calendars (Motion &amp; Reclaim AI) were expensive, slow, or cluttered to work with. So, I built something that's cheap, fast, and gamified with user preferences.  ..."
1tevl6r,2026-05-16,SideProject,Built a vim-style tiling browser in C because I couldn't stand using Chrome anymore,https://reddit.com/r/SideProject/comments/1tevl6r/built_a_vimstyle_tiling_browser_in_c_because_i/,1,1,manually | embedding | memory,3,1,"Started using vim a while back, and slowly the muscle memory took over the rest of my workflow : file manager, image viewer, tmux, even the search box on YouTube. Eventually only one thing in my setup..."
1tevhbs,2026-05-16,SideProject,We've built the best place in the world to train AI models.,https://reddit.com/r/SideProject/comments/1tevhbs/weve_built_the_best_place_in_the_world_to_train/,1,6,hallucinating,1,1,"We created the Axus Search API — through this API, any developer of AI applications, AI models, or other AI projects can access highly accurate and clean data for AI training or use our database as a ..."
1tev6wk,2026-05-16,SideProject,"After years of tracking my own symptoms in spreadsheets, I built something better",https://reddit.com/r/SideProject/comments/1tev6wk/after_years_of_tracking_my_own_symptoms_in/,1,3,frustrated,1,1,"I have dealt with chronic pelvic and bladder issues since 2022. One of the things that helped me mostly recover was tracking everything really closely, and I built dashboards and analytics for myself ..."
1teunnl,2026-05-16,SideProject,Rhythm - Finding patterns in my colic son's sleep,https://reddit.com/r/SideProject/comments/1teunnl/rhythm_finding_patterns_in_my_colic_sons_sleep/,4,3,memory | deployment,2,1,"With a colic baby, every minute of sleep is precious - I built [Rhythm](https://rhythm.baby/index.html) to help me help him sleep. Now I think it's good enough for others to try. What it does:  - **Sl..."
1teu5sr,2026-05-16,SideProject,I replaced my 10 morning tabs with one dashboard that auto-updates every 6 hours,https://reddit.com/r/SideProject/comments/1teu5sr/i_replaced_my_10_morning_tabs_with_one_dashboard/,2,6,broken,1,1,"whatstrending.ai  I work in AI and every morning I'd open TechCrunch, The Verge, GitHub trending, LMSYS arena, Hacker News just to see what happened overnight. One day I snapped and built a single pag..."
1tet3e0,2026-05-16,SideProject,Export Instagram Comments to Excel (Including Nested Replies),https://reddit.com/r/SideProject/comments/1tet3e0/export_instagram_comments_to_excel_including/,2,7,manually,1,1,"Built an Instagram Comments Extractor That Exports Everything to Excel  I kept running into the same problem: Instagram comments are valuable, but getting them into a usable format for analysis is pai..."
1tet2l5,2026-05-16,SideProject,[purplefree] - Social lead generation using vector embeddings instead of keyword alerts,https://reddit.com/r/SideProject/comments/1tet2l5/purplefree_social_lead_generation_using_vector/,2,3,doesn't work | embedding,2,1,"I spent way too much time trying to find potential users on Reddit by hand. Most existing tools rely on basic keyword matching, but that creates a lot of noise. If you track a word like ""email,"" you g..."
1tessew,2026-05-16,SideProject,Creating a community to then sell these products,https://reddit.com/r/SideProject/comments/1tessew/creating_a_community_to_then_sell_these_products/,4,13,stuck,1,1,"Hi, I’ve realised that the vast majority of people who create SaaS platforms or side projects struggle to promote their projects and end up stuck with just a few users, unable to grow their user base...."
1tesdvo,2026-05-16,SideProject,Built and deployed my first SaaS in 6 hours with zero coding experience. Here's the exact process step by step,https://reddit.com/r/SideProject/comments/1tesdvo/built_and_deployed_my_first_saas_in_6_hours_with/,1,3,deployment,1,1,"Last Saturday I decided to actually time myself building something from scratch. No experience, no developer, just me and Claude Code.      Here's what I built: a simple client onboarding tool that ge..."
1tesbr9,2026-05-16,SideProject,Built a WhatsApp bulk messaging tool after wasting hours sending manual follow-ups 😅,https://reddit.com/r/SideProject/comments/1tesbr9/built_a_whatsapp_bulk_messaging_tool_after/,1,4,manually,1,1,"**A couple of months ago, I realised that:**  It’s strange how most small businesses are still doing WhatsApp outreach manually even in 2026.  Copy, paste, send, rinse, and repeat.  **Specifically:** ..."
1ter2zz,2026-05-16,SideProject,Best tools for Reddit lead generation right now.,https://reddit.com/r/SideProject/comments/1ter2zz/best_tools_for_reddit_lead_generation_right_now/,5,7,frustrated | manually,2,1,I have been spending a lot more time recently testing Reddit lead generation tools because manual Reddit searching genuinely does not scale once you start doing real outreach or demand research every ...
1ter0rt,2026-05-16,SideProject,"OpenSales: open-source multi-agent outbound — ICP in, pipeline out, every step traced with token cost",https://reddit.com/r/SideProject/comments/1ter0rt/opensales_opensource_multiagent_outbound_icp_in/,1,3,eval | observability | tracing,3,1,"**Hey Fam**,  I got tired of spending 10–15 hours a week on prospecting and writing cold emails, so I built **OpenSales,** an open-source multi-agent system that does outbound for you. Please paste an..."
1teqzfw,2026-05-16,SideProject,How do you collect testimonials and are they even important?,https://reddit.com/r/SideProject/comments/1teqzfw/how_do_you_collect_testimonials_and_are_they_even/,1,6,annoying,1,1,How do you currently collect testimonials from clients after a project and whats the most annoying part? Are testimonials even important? I‘m building something and want to understand the problem firs...
1teqwoy,2026-05-16,SideProject,I tracked my actual building time vs AI research time for a week. The numbers are embarrassing,https://reddit.com/r/SideProject/comments/1teqwoy/i_tracked_my_actual_building_time_vs_ai_research/,2,15,eval,1,1,I'm working on a side project and I had a feeling I was spending more time talking to AI about building than actually building. So last week I tracked it.  Monday: 4 hours at the computer. Actual code...
1teqvyu,2026-05-16,SideProject,LOADOUT,https://reddit.com/r/SideProject/comments/1teqvyu/loadout/,1,1,memory | deployment,2,1,"I think we’re still in the “browser tab era” of AI agents.    You open Claude in one tab, ChatGPT in another, Codex somewhere else, maybe a terminal window, maybe a half-finished project folder, maybe..."
1teqmwk,2026-05-16,SideProject,"I got tired of juggling 3 different fitness apps, so I built an all-in-one tracker for Android. (Giving away Premium for feedback)",https://reddit.com/r/SideProject/comments/1teqmwk/i_got_tired_of_juggling_3_different_fitness_apps/,1,9,frustrated | manually,2,1,"Hey everyone,  After 5 years of lifting and fitness research, I grew frustrated with having to use separate apps for my workouts, calories, and planning. I wanted something that actually adapted to my..."
1teqlw8,2026-05-16,SideProject,"If you could fix ONE thing in lead gen tools, what would it be?",https://reddit.com/r/SideProject/comments/1teqlw8/if_you_could_fix_one_thing_in_lead_gen_tools_what/,1,2,manually,1,1,"For me, it would be eliminating bad data at the source.  So many tools promise “verified leads,” but in reality, you still get invalid emails, wrong job titles, and outdated companies. That kills trus..."
1teqj2q,2026-05-16,SideProject,"I got tired of fake “available status” culture at work, so I built this",https://reddit.com/r/SideProject/comments/1teqj2q/i_got_tired_of_fake_available_status_culture_at/,2,1,not working | tool call,2,1,"A lot of office culture today values “availability” more visibly than actual productivity.  If your Teams/Slack status goes inactive for a few minutes, people assume:  * away * not working * unavailab..."
1teqhxd,2026-05-16,SideProject,I built a free MCP server that audits pages for AI search citations,https://reddit.com/r/SideProject/comments/1teqhxd/i_built_a_free_mcp_server_that_audits_pages_for/,1,5,manually,1,1,"**What I built**  An MCP server (AI-SEO MCP) that gives Claude, Cursor, and other AI agents 13 tools to audit a web page's readiness for AI-citation - the signals that determine whether your page show..."
1teppdj,2026-05-16,SideProject,StreamKin - I built a viewer CRM because I kept forgetting who was in my chat,https://reddit.com/r/SideProject/comments/1teppdj/streamkin_i_built_a_viewer_crm_because_i_kept/,1,4,memory,1,1,"**Short version:**  **I'm a small streamer with a memory problem.**  Chat moves fast. Viewers come and go. And I couldn't remember who was who, or what we'd talked about last time. So I started buildi..."
1tepobn,2026-05-16,SideProject,Most vibe-coded sites never rank on Google. Here's how I built mine differently (and why it might actually work),https://reddit.com/r/SideProject/comments/1tepobn/most_vibecoded_sites_never_rank_on_google_heres/,1,3,broken,1,1,"**TLDR:** Fragrance comparison tool on an exact-match expired domain, built with proper SSR so search engines can actually read it.  comparefragrance(.)com  go roast it.  **Backstory**  About a year a..."
1tepj5q,2026-05-16,SideProject,stop losing track of what’s already at home while shopping - Pantrio,https://reddit.com/r/SideProject/comments/1tepj5q/stop_losing_track_of_whats_already_at_home_while/,2,6,annoying | manually,2,1,"Hey everyone,  I just launched my first version of Pantrio, an iOS app for keeping track of pantry items, groceries, expiry dates, and shopping lists.  I built it mostly because me and my wife kept ru..."
1tepg1s,2026-05-16,SideProject,I accidentally turned a random Reddit comment into a startup,https://reddit.com/r/SideProject/comments/1tepg1s/i_accidentally_turned_a_random_reddit_comment/,0,4,stuck | annoying,2,1,A few months ago I saw someone online complaining about AI chatbots on websites.  Not because they were “bad AI”     But because they all felt disconnected from what visitors were ACTUALLY doing.  The...
1tepcuk,2026-05-16,SideProject,I built a voice typing + translation keyboard because multilingual messaging still feels broken,https://reddit.com/r/SideProject/comments/1tepcuk/i_built_a_voice_typing_translation_keyboard/,9,9,broken,1,1,"Hey r/SideProject \- I built Whispen because my own workflow kept turning into: type or speak in one language, copy a foreign message into a translator, rewrite the reply, paste it back into WhatsApp/..."
1tep03c,2026-05-16,SideProject,Built a small AI outreach tool because manually customizing emails was driving me insane.,https://reddit.com/r/SideProject/comments/1tep03c/built_a_small_ai_outreach_tool_because_manually/,1,2,manually,1,1,You just paste something like:  Name | Role | Email   John Doe | Recruiter at X | [john@x.com](mailto:john@x.com)   Sarah Lee | Founder at Y | [sarah@y.com](mailto:sarah@y.com)  Then it:  * generates ...
1teoxjh,2026-05-16,SideProject,I built a free English job board for expats in Germany — here's what I've learned so far,https://reddit.com/r/SideProject/comments/1teoxjh/i_built_a_free_english_job_board_for_expats_in/,1,0,frustrated,1,1,"A year after graduating, I got frustrated searching for English-speaking jobs in Germany. Almost everything was in German, and the few English listings were scattered across multiple platforms with no..."
1teoln0,2026-05-16,SideProject,Roast my idea - Instagram's comment section is broken. So I built a fix alone solo dev,https://reddit.com/r/SideProject/comments/1teoln0/roast_my_idea_instagrams_comment_section_is/,4,17,broken,1,1,&amp;#x200B;  Summary :- Built an app that filters Instagram spam comments. Solo. On my phone. No laptop. Need honest feedback.  I'm a 19-year-old guy from a small city in Madhya Pradesh and I'm build...
1teoi5e,2026-05-16,SideProject,Simple subscription tracker,https://reddit.com/r/SideProject/comments/1teoi5e/simple_subscription_tracker/,4,12,tool call,1,1,I built a simple tool called Spendveil to help people track subscriptions before they quietly renew  Most subscription trackers either feel like spreadsheets or ask you to connect your bank. I wanted ...
1ter6at,2026-05-16,devtools,"I built a GitHub App that auto-documents your PRs – 0 users, want brutal feedback",https://reddit.com/r/devtools/comments/1ter6at/i_built_a_github_app_that_autodocuments_your_prs/,1,0,broken,1,1,"It's a GitHub App that does two things automatically:  1. Reviews every PR for bugs, security issues, and code quality —      posts a structured comment before your team even looks at it  2. On every ..."
1td911u,2026-05-14,devtools,"CCPG – Desktop app that routes Claude Code to any LLM (DeepSeek, Ollama, Copilot, OpenRouter and 7 more). MIT, free forever.",https://reddit.com/r/devtools/comments/1td911u/ccpg_desktop_app_that_routes_claude_code_to_any/,1,0,latency,1,1,"Desktop app (Mac/Windows/Linux) that proxies Claude Code to any LLM provider. Configure in a UI, no YAML, no config files. Logs every request including background calls with token count and latency. M..."
1ta6qh1,2026-05-11,devtools,Is there a good tool for auto-generating release notes from GitHub PRs and Jira tickets?,https://reddit.com/r/devtools/comments/1ta6qh1/is_there_a_good_tool_for_autogenerating_release/,3,4,manually,1,1,"Hey , I've been researching how dev teams handle release notes and changelogs.  Most tools I've found (Beamer, Headway) require you to write everything manually. [ReleaseNotes.io](http://ReleaseNotes...."
1t9x22g,2026-05-11,devtools,Built a DevTools extension to make copying network requests less annoying,https://reddit.com/r/devtools/comments/1t9x22g/built_a_devtools_extension_to_make_copying/,1,1,annoying,1,1,
1t95lg5,2026-05-10,devtools,"We built a self-hosted code indexing server that gives AI coding tools persistent memory of your codebase. No cloud, binds to 127.0.0.1 only.",https://reddit.com/r/devtools/comments/1t95lg5/we_built_a_selfhosted_code_indexing_server_that/,3,1,tool call | memory,2,1,I got tired of Claude Code and Cursor re-reading my entire repo every session. Thousands of tokens just to remember what it already figured out yesterday. So I built a local service that indexes a cod...
1t937w0,2026-05-10,devtools,"sick of surface-level ai? built a deep context engine for invoko.ai, finally.",https://reddit.com/r/devtools/comments/1t937w0/sick_of_surfacelevel_ai_built_a_deep_context/,1,0,frustrated | embedding | memory,3,1,"tbh, been so frustrated with all the ""ai-powered"" tools out there. literally just keyword matching or regurgitating stuff you fed it five minutes ago. like, ai for anything beyond basic summarization ..."
1t89l3a,2026-05-09,devtools,Coding agents don’t need more context. They need continuity.,https://reddit.com/r/devtools/comments/1t89l3a/coding_agents_dont_need_more_context_they_need/,4,3,frustrated | memory,2,1,"I’ve been working with coding agents for quite a while now. I’ve been a software engineer for more than 15 years, and at first it was hard for me to accept that the rules of the game had changed forev..."
1t7e26c,2026-05-08,devtools,I built an MCP server to stop AI coding assistants from hallucinating non-existent imports and methods,https://reddit.com/r/devtools/comments/1t7e26c/i_built_an_mcp_server_to_stop_ai_coding/,1,2,hallucinating,1,1,
1t6ycut,2026-05-08,devtools,A live sandbox so non-engineers can fix UI copy and open clean PRs,https://reddit.com/r/devtools/comments/1t6ycut/a_live_sandbox_so_nonengineers_can_fix_ui_copy/,2,1,impossible | no way to,2,1,"The thing that pushed me to build this was watching our PM file a Jira ticket to change a tooltip. Just one tooltip. It sat in the backlog for two weeks, got deprioritized, then got filed again. Our e..."
1t2gen2,2026-05-03,devtools,rewind – type one command and AI tells you where you left off in your git repo,https://reddit.com/r/devtools/comments/1t2gen2/rewind_type_one_command_and_ai_tells_you_where/,2,2,agent loop,1,1,"built this because context switching between projects was killing me. you come back after a few days and spend forever just reconstructing what you were doing from git logs.  rewind reads your branch,..."
1t1trsj,2026-05-02,devtools,Do SaaS founders care whether AI agents can read their docs?,https://reddit.com/r/devtools/comments/1t1trsj/do_saas_founders_care_whether_ai_agents_can_read/,3,6,manually,1,1,"I’m working on a tiny tool for SaaS/API companies.  Problem: users increasingly ask Cursor/Claude/ChatGPT to integrate with a product, but the agent often misreads docs, misses prerequisites, or grabs..."
1t1sipx,2026-05-02,devtools,Parallelogram – a strict linter for LLM fine-tuning datasets (catches broken data before your GPU run starts),https://reddit.com/r/devtools/comments/1t1sipx/parallelogram_a_strict_linter_for_llm_finetuning/,1,0,broken | context window | fine-tuning,3,1,Fine-tuning frameworks assume your data is correctly formatted. None of them enforce it. The result is broken training runs discovered after the compute is spent.  Parallelogram is a CLI tool that val...
1t0ahgf,2026-04-30,devtools,"Tracking AI CLI usage locally (Codex, Claude, Gemini) — no APIs, no credentials",https://reddit.com/r/devtools/comments/1t0ahgf/tracking_ai_cli_usage_locally_codex_claude_gemini/,1,0,annoying,1,1,"I ran into a simple but annoying problem over the last few weeks:  When using tools like Codex, Claude or Gemini from the CLI, you don’t really know how much you’ve used until you hit limits.  There’s..."
1szs401,2026-04-30,devtools,"I built a local-first knowledge base and writing app with a workspace model lifted from IDEs — Electron + Rust sidecar, WASM diff engine, embedded terminal, AI agents with hunk-level review (open source)",https://reddit.com/r/devtools/comments/1szs401/i_built_a_localfirst_knowledge_base_and_writing/,1,0,memory,1,1,"NeverWrite is a desktop app for macOS and Windows that treats notes and writing as a developer workspace instead of a document editor. The core premise is that the multi-panel, tabbed, drag-and-drop m..."
1szb2fc,2026-04-29,devtools,"I spent months with Claude Code trying to figure out why drifts in long sessions, the fix wasn't a better prompt, it was a better terminal.",https://reddit.com/r/devtools/comments/1szb2fc/i_spent_months_with_claude_code_trying_to_figure/,8,6,tool call,1,1,"The ""why does my agent go off the rails"" question comes up constantly and the answers are always vague. ""Use better prompts!"" means nothing when the shell underneath is letting context rot accumulate ..."
1sxnn2t,2026-04-28,devtools,I built a tool that turns a Sentry URL into a failing pytest. Want honest feedback on whether this is useful,https://reddit.com/r/devtools/comments/1sxnn2t/i_built_a_tool_that_turns_a_sentry_url_into_a/,3,3,manually,1,1,"I was working on backend the other day and kept running into the same thing.  Every time a production bug hit, I'd spend 30-45 minutes doing the same loop - read the Sentry trace, manually reconstruct..."
1sx9u51,2026-04-27,devtools,GitBrief — AI sidebar for GitHub PRs that explains the diff before you read it,https://reddit.com/r/devtools/comments/1sx9u51/gitbrief_ai_sidebar_for_github_prs_that_explains/,1,0,chunking,1,1,Built this to fix one specific pain: opening a PR with no context and spending 10 minutes orienting yourself before you can actually start reviewing.    GitBrief injects a collapsible sidebar into eve...
1swyi2y,2026-04-27,devtools,I built an efficient Playwright library that resolves elements from plain English instructions and caches the results,https://reddit.com/r/devtools/comments/1swyi2y/i_built_an_efficient_playwright_library_that/,2,5,manually | latency,2,1,"I'm the author. Here's how this started.  I was using Claude Code to generate E2E Playwright tests for a project. It worked, the tests ran green, but I couldn't really trust them. Each test case neede..."
1svi00e,2026-04-25,devtools,"I got tired of writing code documentation manually, so I built something that does it in seconds",https://reddit.com/r/devtools/comments/1svi00e/i_got_tired_of_writing_code_documentation/,2,0,manually,1,1,"Every time I finished a project, writing docs felt like the most painful part. Tedious, time-consuming, and easy to skip — but bad documentation always comes back to bite you.  So I built **Writulos**..."
1sv4xbo,2026-04-25,devtools,Spent way too long tab-switching to convert epoch timestamps while debugging. Made a tool that does all of them at once.,https://reddit.com/r/devtools/comments/1sv4xbo/spent_way_too_long_tabswitching_to_convert_epoch/,1,2,annoying,1,1,Not sure if this is just me but debugging API responses with multiple timestamp fields has always been annoying.  You see `1714000000` in a JSON payload and have to:  1. Open new tab 2. Search epoch c...
1suaqgv,2026-04-24,devtools,Managing multiple AI agents in the terminal is painful. Built a UI with agent awareness,https://reddit.com/r/devtools/comments/1suaqgv/managing_multiple_ai_agents_in_the_terminal_is/,3,4,stuck,1,1,"If you're running multiple AI coding agents in parallel, you probably hit this:    they’re all just terminal processes with zero visibility.    You end up constantly context-switching to check:  \- is..."
1ssx7rg,2026-04-22,devtools,I vibe coded a tool: Observability of AI usage in projects,https://reddit.com/r/devtools/comments/1ssx7rg/i_vibe_coded_a_tool_observability_of_ai_usage_in/,1,0,observability,1,1,[https://eyes4ai.selcukcihan.com](https://eyes4ai.selcukcihan.com)  I vibe coded a simple tool that listens Codex/Claude OTel events and aggregates them in a way that tells you your AI usage per repo....
1sqzqpk,2026-04-20,devtools,I built a tool to visualise any GitHub repo as an interactive dependency graph,https://reddit.com/r/devtools/comments/1sqzqpk/i_built_a_tool_to_visualise_any_github_repo_as_an/,1,1,tool call,1,1,"Understanding a new codebase is always painful, especially when there are dozens (or hundreds, or thousands) of files with unclear relationships.  I built a tool called CodeAtlas that lets you paste a..."
1sq05ki,2026-04-19,devtools,"I built a browser-only formatter/converter for JSON, YAML, TOML, and CSV — looking for feedback",https://reddit.com/r/devtools/comments/1sq05ki/i_built_a_browseronly_formatterconverter_for_json/,2,2,broken,1,1,"Hey everyone,                                                                                                                                                                                           ..."
1spqq05,2026-04-19,devtools,"Built an open source plugin to run code (Java, JS, TS, Docker Compose) inside documentation",https://reddit.com/r/devtools/comments/1spqq05/built_an_open_source_plugin_to_run_code_java_js/,1,0,annoying,1,1,I ran into a small but annoying problem while practicing DSA and working on small setups.  I usually:  * take notes in one place * write code somewhere else * create folders just to run things like Do...
1sop14o,2026-04-18,devtools,Decode Base64 → instantly formatted JSON in one place,https://reddit.com/r/devtools/comments/1sop14o/decode_base64_instantly_formatted_json_in_one/,1,0,annoying,1,1,"Anyone else annoyed by this workflow when dealing with Base64 JSON?  1. Decode Base64 2. Copy output 3. Paste into JSON formatter 4. Then finally read it  It’s small, but super annoying when debugging..."
1so31hf,2026-04-17,devtools,I dissected the free tier of 100+ AI coding tools so you don't have to - built a browsable reference site,https://reddit.com/r/devtools/comments/1so31hf/i_dissected_the_free_tier_of_100_ai_coding_tools/,5,7,eval,1,1,"The free tier question comes up constantly and the answers are always vague. ""It's generous!"" means nothing. So I spent a few months actually digging into each tool and built a structured dataset arou..."
1smz904,2026-04-16,devtools,Odoo request tracer,https://reddit.com/r/devtools/comments/1smz904/odoo_request_tracer/,1,0,manually,1,1,"\*\*I built a request-level query tracer for Odoo — waterfall view, N+1 detection, code path mapping\*\*    Context: Odoo has a built-in profiler (\`--dev=performance\`, SQL logs) that's genuinely use..."
1sl3w86,2026-04-14,devtools,Built a small tool to get notified when Claude Code finishes (and fix port conflicts),https://reddit.com/r/devtools/comments/1sl3w86/built_a_small_tool_to_get_notified_when_claude/,2,5,annoying | no way to,2,1,I’ve been using Claude Code a lot recently and kept running into a small but annoying issue — there’s no way to know when it finishes unless you keep checking.  So I built a tiny CLI tool that adds a ...
1sik2eq,2026-04-11,devtools,Turn Any REST API into an MCP Server in 60 Seconds`,https://reddit.com/r/devtools/comments/1sik2eq/turn_any_rest_api_into_an_mcp_server_in_60_seconds/,1,0,manually,1,1,"Every agent developer is manually wiring up MCP tools. You find an API, read the docs, write tool definitions by hand, handle auth, deal with pagination, and pray you didn't miss an edge case.   I got..."
1sij6wc,2026-04-11,devtools,We built a typing speed test that uses real code because random words were never going to tell developers anything useful,https://reddit.com/r/devtools/comments/1sij6wc/we_built_a_typing_speed_test_that_uses_real_code/,1,1,no tool | memory,2,1,Every existing typing test measures the same thing: how fast you type common English words.  For a general audience that is a perfectly reasonable metric. For developers it measures a skill that has a...
1tew1i5,2026-05-16,developersIndia,Final working flow of my Start-up Blockchain Sentinel SaaS product.,https://reddit.com/r/developersIndia/comments/1tew1i5/final_working_flow_of_my_startup_blockchain/,1,1,tracing,1,1,"Most blockchain tools stop at transaction viewing.  I wanted to explore what happens after that:   investigations, fund-flow tracing, cybercrime analysis, compliance workflows, and forensic reporting...."
1tevzn4,2026-05-16,developersIndia,"I’ve been experimenting with fully client-side developer utilities lately, and one thing surprised me",https://reddit.com/r/developersIndia/comments/1tevzn4/ive_been_experimenting_with_fully_clientside/,2,3,memory,1,1,Developers seem to trust tools significantly more when they know nothing leaves the browser.  Moving parsing/processing logic to the frontend created a few unexpected challenges:  * handling large JSO...
1tev4cn,2026-05-16,developersIndia,"Started working from client office for AXA as L2 support recently, and honestly it feels very different from regular offshore work.",https://reddit.com/r/developersIndia/comments/1tev4cn/started_working_from_client_office_for_axa_as_l2/,1,2,switched from,1,1,"I recently switched from Infosys and now I’m working from the client location for AXA as an L2 support engineer.  This is my first time working directly from a client office, and honestly it feels a b..."
1teuddy,2026-05-16,developersIndia,6.5 YOE Database Dev/PLSQL at Big4 &amp; Service Companies. Struggling to Break into GCC and PBC. What Am I Missing?,https://reddit.com/r/developersIndia/comments/1teuddy/65_yoe_database_devplsql_at_big4_service/,6,5,frustrated,1,1,"Hi all,  TBH, I’m a bit frustrated and could really use some guidance from people who’ve been in my shoes or know how this works.   I have 6.5 years of experience as a Database Developer, mostly in PL..."
1teu4to,2026-05-16,developersIndia,NK Securities Software Dev Python Interview Final Round,https://reddit.com/r/developersIndia/comments/1teu4to/nk_securities_software_dev_python_interview_final/,3,2,manually | tracing,2,1,"About me: Tier 1/1.5 CS, \~9 CG, 26 grad  Recently got a mail from NK that they were considering me for Full Stack Dev and SDE Python roles. Had a HackerRank OA after that.  I cleared the first 2 inte..."
1tetxvd,2026-05-16,developersIndia,I cleared every coding question in an assessment today… and still failed because my college WiFi betrayed me.,https://reddit.com/r/developersIndia/comments/1tetxvd/i_cleared_every_coding_question_in_an_assessment/,13,9,manually,1,1,I honestly don’t know how to process what happened today.  I had an important hiring assessment today the 2nd last coding round of a company I was genuinely excited about. I prepared for days. Slept l...
1tetodz,2026-05-16,developersIndia,"Redesigned my old portfolio website into a modern, responsive UI",https://reddit.com/r/developersIndia/comments/1tetodz/redesigned_my_old_portfolio_website_into_a_modern/,0,2,rag pipeline,1,1,"**Website Redesigned for Modern, Fast &amp; Mobile-Optimized UI**  **Original link in comments**  I recently redesigned my old portfolio website into a modern, responsive UI.  This wasn’t just a visua..."
1teo87g,2026-05-16,developersIndia,Hello FE ( angular ) with 5 yrs of experience. I want to up skill myself with proper full stack knowledge with enterprise level technology stack.,https://reddit.com/r/developersIndia/comments/1teo87g/hello_fe_angular_with_5_yrs_of_experience_i_want/,1,4,stuck,1,1,"Feeling stuck with my current job, appraisal are good and also colleagues are best. But with changing times and I feel I could get fired , If I don't up skill myself.  I am thinking to learn making fu..."
1ten61r,2026-05-16,developersIndia,"If you’re starting with open source, read the CI config before you trust the README",https://reddit.com/r/developersIndia/comments/1ten61r/if_youre_starting_with_open_source_read_the_ci/,55,5,switched from | tracing,2,2,"I mentor for Jenkins under GSoC. Every cycle I watch contributors go through the same sequence: find an issue, fork the repo, spend 3 hours trying to build it locally, give up.  The README says “run n..."
1tekyf0,2026-05-16,developersIndia,Need serious advice for career at this point at 9YOE,https://reddit.com/r/developersIndia/comments/1tekyf0/need_serious_advice_for_career_at_this_point_at/,25,13,stuck,1,1,"So I am a developer at an MNC. 9YOE. My CTC is around 27 Lakh. I joined the same company 4.5 years ago, at a CTC of 25L. Techstack is fullstack Javascript\[React+Node\]. The increments have been minim..."
1tejy4t,2026-05-16,developersIndia,"How I built a production TTS API: sentence-boundary chunking, Redis distributed locks, and killing the thundering herd",https://reddit.com/r/developersIndia/comments/1tejy4t/how_i_built_a_production_tts_api_sentenceboundary/,2,2,broken | chunking | latency,3,1,Built a text-to-speech API that converts full articles to MP3. The interesting engineering problems weren't the TTS calls — they were everything around them.  \*\*The chunking problem\*\*  Every TTS p...
1teahy6,2026-05-15,developersIndia,Frustrated UI developer!! Not liking my job now a days,https://reddit.com/r/developersIndia/comments/1teahy6/frustrated_ui_developer_not_liking_my_job_now_a/,3,4,frustrated,1,1,"Hey guys, I'm really frustrated now a days. I'm UI developer having 5 years of experience and working in good product based MNC. I'm having AI tools access via windsurf with 500 credit cap.  Since las..."
1te7o9m,2026-05-15,developersIndia,"India produces 1.5 million engineering graduates a year. Most of them figure out what to actually learn on their own, after college starts.",https://reddit.com/r/developersIndia/comments/1te7o9m/india_produces_15_million_engineering_graduates_a/,0,12,manually,1,1,"I'm doing [B.Tech](http://B.Tech) AI/ML right now. In a batch of \~250 students, maybe 20–30 are genuinely trying to build real technical capability beyond exams and placements.  The rest of the syste..."
1te740s,2026-05-15,developersIndia,"WFH is tanking my energy levels. Always dizzy, zero focus, and working in a windowless room. Is this normal?",https://reddit.com/r/developersIndia/comments/1te740s/wfh_is_tanking_my_energy_levels_always_dizzy_zero/,63,62,stuck,1,2,"Hey everyone,  I'm looking for some advice because my current WFH setup (my first WFH experience from last 4 months)  feels like it's taking a serious toll on my health and productivity. I'm starting ..."
1te4us4,2026-05-15,developersIndia,Having a hard time finding a job in current market.,https://reddit.com/r/developersIndia/comments/1te4us4/having_a_hard_time_finding_a_job_in_current_market/,15,19,stuck,1,1,"I am a self-taught developer with 6 months of experience at a remote startup. It was my first job, and I was not very good at interviews, but I still got the job because of my passion for building stu..."
1teqcrw,2026-05-16,indianstartups,"Indian D2C founders, how are you tracking competitor prices and offers?",https://reddit.com/r/indianstartups/comments/1teqcrw/indian_d2c_founders_how_are_you_tracking/,1,0,manually,1,1,"I’m trying to understand how Indian D2C/ecommerce teams actually keep up with competitor pricing.  If you sell physical products online, do you usually check competitor prices manually, maintain a spr..."
1tep9d3,2026-05-16,indianstartups,"[Co-founder Position Open] Developing an AI-based platform for evaluating and funding startups — seeking a tech co-founder (Fully Remote, Only Stock) (18M)",https://reddit.com/r/indianstartups/comments/1tep9d3/cofounder_position_open_developing_an_aibased/,0,1,evaluation | eval,2,1,have been thinking about this for quite some time and finally wanted to throw this out there.    the issue: fundraising is still primarily a game of who knows whom. founders from tier-3 cities in Indi...
1teezde,2026-05-16,indianstartups,"19 year old from Bihar, Class 12, no team, no investors — ArcleIntelligence scores 93.45 on OmniDocBench V1.5. Here's the proof.",https://reddit.com/r/indianstartups/comments/1teezde/19_year_old_from_bihar_class_12_no_team_no/,0,34,context window | eval,2,2,"My name is Abhinav Anand. 19 years old. Class 12. Bihar.  Two and a half years ago I had never heard the word ""transformer."" I just knew ChatGPT existed. I failed building a YouTube analytics app. Twi..."
1te3b8t,2026-05-15,indianstartups,Why is voice agent testing still so manual in 2026?,https://reddit.com/r/indianstartups/comments/1te3b8t/why_is_voice_agent_testing_still_so_manual_in_2026/,1,0,manually | latency | observability,3,1,"Been working on voice agents for some time now and one thing honestly feels very ignored — testing.  We have frameworks for prompts, observability, workflows, telephony etc. but when it comes to actua..."
1te0vkv,2026-05-15,indianstartups,How I built a self-hosted AI + n8n stack that slashed a D2C brand’s RTO by 50% and saved them ₹4L/month (Architecture breakdown),https://reddit.com/r/indianstartups/comments/1te0vkv/how_i_built_a_selfhosted_ai_n8n_stack_that/,71,31,manually,1,2,**TL;DR:** A mid-sized Indian D2C brand was bleeding massive margins to fake deliveries and COD (Cash on Delivery) returns. Enterprise SaaS tools wanted to charge a percentage of their GMV to fix it. ...
1tdzdzr,2026-05-15,indianstartups,"Agency owners — how do you handle monthly client reporting? (GA4, Ads data etc.)",https://reddit.com/r/indianstartups/comments/1tdzdzr/agency_owners_how_do_you_handle_monthly_client/,1,2,annoying,1,1,"Running some research on how digital marketing agencies (especially in India) send performance reports to clients.  Curious:  * How do you currently do it? (Manual PPT, Looker Studio, paid tool?) * Ho..."
1tdusy9,2026-05-15,indianstartups,"I Built a Lecture-specific AI study layer that turns long educational videos into timestamp-grounded answers, summaries, and searchable concepts.",https://reddit.com/r/indianstartups/comments/1tdusy9/i_built_a_lecturespecific_ai_study_layer_that/,1,1,annoying | manually,2,1,"Hey everyone,  I recently built a small project called Overly during a hackathon.  The basic idea is simple: students can use a lecture video and instead of manually scrubbing through the whole thing,..."
1tdqo34,2026-05-15,indianstartups,Why's Setting up Payments  SOOOOOO FRIKKIN HARD????!!!,https://reddit.com/r/indianstartups/comments/1tdqo34/whys_setting_up_payments_soooooo_frikkin_hard/,0,3,stuck,1,1,"why is setting up payments still such a pain man  everyone keeps saying saas is easy, just build and ship and start earning but nobody talks about the payments part especially if you are in india  i s..."
1td8d91,2026-05-14,indianstartups,Looking for a Frontend Co-founder to build a killer UI for an AI payments app,https://reddit.com/r/indianstartups/comments/1td8d91/looking_for_a_frontend_cofounder_to_build_a/,1,4,memory,1,1,"**The Pitch**  I am building an AI-powered payments app specifically for the Indian market. We'll be   solving the friction people face with small, frequent dues (think splits, chai, rent, and local t..."
1tcte36,2026-05-14,indianstartups,Shipping Aggregators Keep Charging Me for Wrong Weight — And Good Luck Disputing It,https://reddit.com/r/indianstartups/comments/1tcte36/shipping_aggregators_keep_charging_me_for_wrong/,1,4,stuck,1,1,"Sellers across Reddit and seller forums keep running into the same wall — they pack a 200g product, the courier scans it at 1.5 kg at their hub, and the shipping aggregator deducts the extra amount fr..."
1tcqg9h,2026-05-14,indianstartups,I’m quitting my 1.2L/month job because I’m tired of “Logo Bada Kardo” marketing.,https://reddit.com/r/indianstartups/comments/1tcqg9h/im_quitting_my_12lmonth_job_because_im_tired_of/,53,50,doesn't work,1,2,"I am a marketing professional with over 13+ years of experience. I have extensively worked in both traditional and digital marketing, and I am tired of working for people who have no idea how marketin..."
1tcp8in,2026-05-14,indianstartups,"Building a simple GMB review tool for local businesses in India, looking for 10 early users",https://reddit.com/r/indianstartups/comments/1tcp8in/building_a_simple_gmb_review_tool_for_local/,2,0,manually,1,1,"I’m building a small tool for Indian local businesses who get customers through Google Business Profile.  The first problem I’m trying to solve is simple: after a customer visit/order/job is done, the..."
1tco6j2,2026-05-14,indianstartups,What's broken about most HRMS software that nobody talks about?,https://reddit.com/r/indianstartups/comments/1tco6j2/whats_broken_about_most_hrms_software_that_nobody/,2,0,broken,1,1,"Most HRMS platforms are built for administrators, not humans clunky interfaces, poor mobile experience, and feature bloat that makes simple tasks unnecessarily complicated for everyone involved.  What..."
1tco5vv,2026-05-14,indianstartups,What's the ROI of actually investing in proper HR software for a company under 100 people?,https://reddit.com/r/indianstartups/comments/1tco5vv/whats_the_roi_of_actually_investing_in_proper_hr/,2,3,manually,1,1,"Proper HR software under 100 people pays back in saved admin hours, fewer compliance penalties, and faster hiring but the cultural ROI is harder to quantify.  How are you currently measuring the real ..."
1tckm6d,2026-05-14,indianstartups,"Before you hire a Freelance Dev for your Startup, please understand this..",https://reddit.com/r/indianstartups/comments/1tckm6d/before_you_hire_a_freelance_dev_for_your_startup/,1,1,deployment,1,1,"If you're hiring a freelance developer for your startup, PLEASE understand this:  By default, the developer usually owns the IP/code they create unless the contract explicitly transfers it to your com..."
1tccgxu,2026-05-13,indianstartups,Dropping Smart Restaurant Tech In Maharashtra (Just for the time being 😉),https://reddit.com/r/indianstartups/comments/1tccgxu/dropping_smart_restaurant_tech_in_maharashtra/,0,1,stuck,1,1,So this started as a frustration more than a business idea.   We kept noticing how most restaurants and cafes around Pune were running on tech that felt stuck in 2015. POS systems that crash. QR stick...
1texsgp,2026-05-16,SideProject,Open-sourced my Docker dashboard Monday. 110+ starts later - 3 things i'd tell past-me,https://reddit.com/r/SideProject/comments/1texsgp/opensourced_my_docker_dashboard_monday_110_starts/,1,0,memory,1,1,I open-sourced ContainerFlow last Monday — a Docker dashboard I'd been using privately for \~7 weeks   before deciding to share it. Currently 100+ stars and an external bug report I shipped a fix for ...
1texkpe,2026-05-16,SideProject,Found an interesting approach to managing small vehicle operations without turning everything into spreadsheets,https://reddit.com/r/SideProject/comments/1texkpe/found_an_interesting_approach_to_managing_small/,1,0,manually,1,1,lately ive been helping a friend organize a few rental and work vehicles and honestly i didnt realize how messy operations become once multiple vehicles are involved  not even huge fleets either  just...
1texeb6,2026-05-16,SideProject,What's the most annoying thing about multi-agent AI workflows?,https://reddit.com/r/SideProject/comments/1texeb6/whats_the_most_annoying_thing_about_multiagent_ai/,1,1,annoying,1,1,"Hi yall, I am trying to understand real pain points developers face when working with multiple AI agents. What breaks, what's hard to debug, what do you wish you had better visibility into? Not sellin..."
1tewyrs,2026-05-16,SideProject,I built a service that cuts down iterations significantly and save a lot of credits for AI UGC content creators,https://reddit.com/r/SideProject/comments/1tewyrs/i_built_a_service_that_cuts_down_iterations/,1,0,hallucinating,1,1,"I would create some viral trend, write a new prompt from scratch, and generate. It was all fake either way. Inappropriate lighting. Hands moving differently. Then I would make changes to the prompt, p..."
1tewxec,2026-05-16,SideProject,Runable changed the way I approach rough ideas,https://reddit.com/r/SideProject/comments/1tewxec/runable_changed_the_way_i_approach_rough_ideas/,1,1,manually,1,1,"Before this, I usually tried to fully plan ideas before starting anything.    Now the process feels much more iterative from the beginning.    Instead of spending a long time creating everything manua..."
1tewutf,2026-05-16,SideProject,I built a morning briefing app because I kept losing 40 minutes to my phone before 8am,https://reddit.com/r/SideProject/comments/1tewutf/i_built_a_morning_briefing_app_because_i_kept/,2,3,stuck,1,1,Every morning I’d pick up my phone to check my messages and the news. Somehow 40 minutes would pass.  I tried setting a timer on my phone usage. Never stuck to it.😂  Then I remembered those AI assista...
1tewt1k,2026-05-16,SideProject,"Reddit users kept asking for this feature, so I built it",https://reddit.com/r/SideProject/comments/1tewt1k/reddit_users_kept_asking_for_this_feature_so_i/,1,0,manually,1,1,"Hey r/SideProject,   A while ago, I shared an indie app I’ve been building called **AmberTime** — a local-first iPhone photo backup app that copies photos directly to external USB drives and SSDs.   O..."
